{"1":{"part1ExampleResult":3,"part1ExampleTime":0.04141700000002402,"part1Result":1026,"part1Time":1.0275840000000471,"part2ExampleResult":6,"part2ExampleTime":0.0877500000000282,"part2Result":5923,"part2Time":4.676082999999949}}