{"1":{"part1ExampleResult":3,"part1ExampleTime":0.04141700000002402,"part1Result":1026,"part1Time":1.0275840000000471,"part2ExampleResult":6,"part2ExampleTime":0.0877500000000282,"part2Result":5923,"part2Time":4.676082999999949},"2":{"part1ExampleResult":1227775554,"part1ExampleTime":0.1472080000000915,"part1Result":19386344315,"part1Time":126.36316599999998,"part2ExampleResult":4174379265,"part2ExampleTime":0.27054199999997763,"part2Result":34421651192,"part2Time":308.32504200000005}}