{"1":{"part1ExampleResult":3,"part1ExampleTime":0.04141700000002402,"part1Result":1026,"part1Time":1.0275840000000471,"part2ExampleResult":6,"part2ExampleTime":0.0877500000000282,"part2Result":5923,"part2Time":4.676082999999949},"2":{"part1ExampleResult":1227775554,"part1ExampleTime":0.1472080000000915,"part1Result":19386344315,"part1Time":126.36316599999998,"part2ExampleResult":4174379265,"part2ExampleTime":0.27054199999997763,"part2Result":34421651192,"part2Time":308.32504200000005},"3":{"part1ExampleResult":357,"part1ExampleTime":0.03037499999999227,"part1Result":17408,"part1Time":0.5509999999999877,"part2ExampleResult":3121910778619,"part2ExampleTime":0.052416999999991276,"part2Result":172740584266849,"part2Time":0.45733300000000554},"4":{"part1ExampleResult":13,"part1ExampleTime":0.26262499999995725,"part1Result":1397,"part1Time":9.990541000000007,"part2ExampleResult":43,"part2ExampleTime":0.5817079999999919,"part2Result":8758,"part2Time":96.22233300000005},"5":{"part1ExampleResult":3,"part1ExampleTime":0.04520800000000236,"part1Result":694,"part1Time":9.986083000000008,"part2ExampleResult":14,"part2ExampleTime":0.14504199999998946,"part2Result":352716206375547,"part2Time":0.12091699999996308},"6":{"part1ExampleResult":4277556,"part1ExampleTime":0.1407920000000331,"part1Result":6417439773370,"part1Time":4.157000000000039,"part2ExampleResult":3263827,"part2ExampleTime":0.74087499999996,"part2Result":11044319475191,"part2Time":32.20724999999993},"7":{"part1ExampleResult":21,"part1ExampleTime":0.034207999999978256,"part1Result":1615,"part1Time":0.342708000000016,"part2ExampleResult":40,"part2ExampleTime":0.16770800000000463,"part2Result":43560947406326,"part2Time":1.5763330000000337},"8":{"part1ExampleResult":40,"part1ExampleTime":0.38662500000003774,"part1Result":127551,"part1Time":232.489333,"part2ExampleResult":25272,"part2ExampleTime":0.31941599999993286,"part2Result":2347225200,"part2Time":3928.4401669999997},"9":{"part1ExampleResult":50,"part1ExampleTime":0.0412080000000401,"part1Result":4735268538,"part1Time":2.160708999999997,"part2ExampleResult":24,"part2ExampleTime":0.21100000000001273,"part2Result":1537458069,"part2Time":50.17787500000003},"10":{"part1ExampleResult":7,"part1ExampleTime":0.23258300000003373,"part1Result":481,"part1Time":56.10758400000003,"part2ExampleResult":33,"part2ExampleTime":0.37979199999995217,"part2Result":20142,"part2Time":399052.43724999996}}