{"1":{"part1ExampleResult":142,"part1ExampleTime":0.04720801115036011,"part1Result":54331,"part1Time":0.8116669654846191,"part2ExampleResult":281,"part2ExampleTime":0.5332910418510437,"part2Result":54518,"part2Time":27.857208013534546},"2":{"part1ExampleResult":8,"part1ExampleTime":0.2960420250892639,"part1Result":2563,"part1Time":0.5274579524993896,"part2ExampleResult":2286,"part2ExampleTime":0.09816700220108032,"part2Result":70768,"part2Time":0.5050830245018005},"3":{"part1ExampleResult":4361,"part1ExampleTime":0.26625001430511475,"part1Result":520019,"part1Time":1.7294169664382935,"part2ExampleResult":467835,"part2ExampleTime":0.07912498712539673,"part2Result":75519888,"part2Time":3.8805830478668213},"4":{"part1ExampleResult":13,"part1ExampleTime":0.22120797634124756,"part1Result":20855,"part1Time":3.3454999923706055,"part2ExampleResult":30,"part2ExampleTime":0.12895798683166504,"part2Result":5489600,"part2Time":55.12362504005432},"5":{"part1ExampleResult":"35","part1ExampleTime":0.2853749990463257,"part1Result":"265018614","part1Time":0.2897079586982727,"part2ExampleResult":"46","part2ExampleTime":0.10716599225997925,"part2Result":"63179500","part2Time":1400620.191332996},"6":{"part1ExampleResult":288,"part1ExampleTime":0.08604198694229126,"part1Result":741000,"part1Time":0.020708978176116943,"part2ExampleResult":71503,"part2ExampleTime":0.6407920122146606,"part2Result":38220708,"part2Time":50.8758749961853},"7":{"part1ExampleResult":6440,"part1ExampleTime":0.24895799160003662,"part1Result":249748283,"part1Time":2.668749988079071,"part2ExampleResult":5905,"part2ExampleTime":0.17129099369049072,"part2Result":248029057,"part2Time":4.364374995231628},"8":{"part1ExampleResult":6,"part1ExampleTime":0.15312498807907104,"part1Result":14681,"part1Time":29.99795800447464,"part2ExampleResult":6,"part2ExampleTime":0.172124981880188,"part2Result":14321394058031,"part2Time":182.9242920279503},"9":{"part1ExampleResult":114,"part1ExampleTime":0.11383301019668579,"part1Result":1955513104,"part1Time":1.74337500333786,"part2ExampleResult":2,"part2ExampleTime":0.15095800161361694,"part2Result":1131,"part2Time":1.7358749508857727},"10":{"part1ExampleResult":8,"part1ExampleTime":0.24300003051757812,"part1Result":6786,"part1Time":519.1247920393944,"part2ExampleResult":10,"part2ExampleTime":5.650416970252991,"part2Result":495,"part2Time":1876.208458006382},"11":{"part1ExampleResult":374,"part1ExampleTime":0.47758299112319946,"part1Result":10289334,"part1Time":99.02891701459885,"part2ExampleResult":1030,"part2ExampleTime":0.07499998807907104,"part2Result":649862989626,"part2Time":88.82574999332428},"12":{"part1ExampleResult":21,"part1ExampleTime":0.5886669754981995,"part1Result":7173,"part1Time":17.112124979496002,"part2ExampleResult":525152,"part2ExampleTime":0.8139579892158508,"part2Result":29826669191291,"part2Time":417.50966703891754},"13":{"part1ExampleResult":405,"part1ExampleTime":0.18104201555252075,"part1Result":27664,"part1Time":1.44554203748703,"part2ExampleResult":400,"part2ExampleTime":0.2527499794960022,"part2Result":33991,"part2Time":22.89358401298523},"14":{"part1ExampleResult":136,"part1ExampleTime":0.1659579873085022,"part1Result":105461,"part1Time":0.8439579606056213,"part2ExampleResult":64,"part2ExampleTime":0.6573330163955688,"part2Result":102829,"part2Time":52.2889170050621},"15":{"part1ExampleResult":1320,"part1ExampleTime":0.09995800256729126,"part1Result":497373,"part1Time":1.245917022228241,"part2ExampleResult":145,"part2ExampleTime":0.20779097080230713,"part2Result":259356,"part2Time":1.893041968345642},"16":{"part1ExampleResult":46,"part1ExampleTime":0.4828749895095825,"part1Result":7543,"part1Time":101.95600003004074,"part2ExampleResult":51,"part2ExampleTime":0.6305829882621765,"part2Result":8231,"part2Time":22697.33262503147},"17":{"part1ExampleResult":102,"part1ExampleTime":5.81520801782608,"part1Result":928,"part1Time":5264.98345798254,"part2ExampleResult":94,"part2ExampleTime":7.609750032424927,"part2Result":1104,"part2Time":41199.32354199886},"18":{"part1ExampleResult":62,"part1ExampleTime":0.3090829849243164,"part1Result":48795,"part1Time":0.4330419898033142,"part2ExampleResult":952408144115,"part2ExampleTime":0.07629203796386719,"part2Result":40654918441248,"part2Time":0.7995839715003967},"19":{"part1ExampleResult":19114,"part1ExampleTime":1.4720410108566284,"part1Result":348378,"part1Time":16.25200003385544,"part2ExampleResult":167409079868000,"part2ExampleTime":0.5282080173492432,"part2Result":121158073425385,"part2Time":1.5786250233650208},"20":{"part1ExampleResult":11687500,"part1ExampleTime":3.707666039466858,"part1Result":912199500,"part1Time":12.126541018486023,"part2ExampleResult":"skipped","part2ExampleTime":0.08020901679992676,"part2Result":237878264003759,"part2Time":36.31208300590515},"21":{"part1ExampleResult":16,"part1ExampleTime":0.37720900774002075,"part1Result":3847,"part1Time":175.434667006135,"part2ExampleResult":"skip","part2ExampleTime":0.1385830044746399,"part2Result":637537341306357,"part2Time":32034.211875006557},"22":{"part1ExampleResult":5,"part1ExampleTime":0.7598749995231628,"part1Result":509,"part1Time":405.5285409986973,"part2ExampleResult":7,"part2ExampleTime":0.32966700196266174,"part2Result":102770,"part2Time":2036.4764589965343},"23":{"part1ExampleResult":94,"part1ExampleTime":0.8803330063819885,"part1Result":2370,"part1Time":1478.5191249847412,"part2ExampleResult":154,"part2ExampleTime":1.4249170422554016,"part2Result":6546,"part2Time":11488.123417019844}}