{"1":{"part1ExampleResult":11,"part1ExampleTime":0.06974999999999909,"part1Result":2367773,"part1Time":0.7124579999999696,"part2ExampleResult":31,"part2ExampleTime":0.03674999999998363,"part2Result":21271939,"part2Time":0.12887499999999363},"2":{"part1ExampleResult":2,"part1ExampleTime":0.05358300000000327,"part1Result":585,"part1Time":0.6856249999999591,"part2ExampleResult":4,"part2ExampleTime":0.037833000000034644,"part2Result":626,"part2Time":0.7567500000000109},"3":{"part1ExampleResult":161,"part1ExampleTime":0.10170800000003055,"part1Result":162813399,"part1Time":0.30133299999999963,"part2ExampleResult":48,"part2ExampleTime":0.08725000000004002,"part2Result":53783319,"part2Time":0.15795799999995097},"4":{"part1ExampleResult":18,"part1ExampleTime":0.18233299999997143,"part1Result":2569,"part1Time":2.5545000000000186,"part2ExampleResult":9,"part2ExampleTime":0.16058399999997164,"part2Result":1998,"part2Time":3.2487499999999727},"5":{"part1ExampleResult":143,"part1ExampleTime":0.17304200000000947,"part1Result":6041,"part1Time":10.306958000000009,"part2ExampleResult":123,"part2ExampleTime":0.12154099999997925,"part2Result":4884,"part2Time":16.232583999999974},"6":{"part1ExampleResult":41,"part1ExampleTime":0.25408299999992323,"part1Result":5239,"part1Time":3.9020420000000513,"part2ExampleResult":6,"part2ExampleTime":0.4561669999999367,"part2Result":1753,"part2Time":5070.855083},"7":{"part1ExampleResult":3749,"part1ExampleTime":0.38554099999998925,"part1Result":7710205485870,"part1Time":1167.909834,"part2ExampleResult":11387,"part2ExampleTime":0.25670900000000074,"part2Result":20928985450275,"part2Time":58216.161791},"8":{"part1ExampleResult":14,"part1ExampleTime":0.3527080000000069,"part1Result":240,"part1Time":9.247582999999963,"part2ExampleResult":34,"part2ExampleTime":0.1920830000000251,"part2Result":955,"part2Time":2.4930830000000697},"9":{"part1ExampleResult":1928,"part1ExampleTime":0.13012500000002092,"part1Result":6359213660505,"part1Time":537.61775,"part2ExampleResult":2858,"part2ExampleTime":0.12649999999985084,"part2Result":6381624803796,"part2Time":277.4675829999999},"10":{"part1ExampleResult":36,"part1ExampleTime":0.4990410000000338,"part1Result":744,"part1Time":3.543542000000002,"part2ExampleResult":81,"part2ExampleTime":0.008417000000008557,"part2Result":1651,"part2Time":0.0006669999999076026},"11":{"part1ExampleResult":55312,"part1ExampleTime":0.35858300000006693,"part1Result":194482,"part1Time":0.99087499999996,"part2ExampleResult":"skip","part2ExampleTime":0,"part2Result":232454623677743,"part2Time":31.71870899999999},"12":{"part1ExampleResult":1930,"part1ExampleTime":0.5832499999999072,"part1Result":1489582,"part1Time":28.22683399999994,"part2ExampleResult":236,"part2ExampleTime":0.11187500000005457,"part2Result":914966,"part2Time":0.022832999999991443},"13":{"part1ExampleResult":480,"part1ExampleTime":0.15004099999998743,"part1Result":32026,"part1Time":0.48308299999996507,"part2ExampleResult":"skip","part2ExampleTime":0,"part2Result":89013607072065,"part2Time":0.22529199999996763},"14":{"part1ExampleResult":12,"part1ExampleTime":0.7881249999999227,"part1Result":226236192,"part1Time":0.5367499999999836,"part2ExampleResult":"skip","part2ExampleTime":0,"part2Result":8168,"part2Time":2843.223417},"15":{"part1ExampleResult":10092,"part1ExampleTime":1.439792000000125,"part1Result":1514353,"part1Time":4.376750000000129,"part2ExampleResult":9021,"part2ExampleTime":3.4221249999998236,"part2Result":1533076,"part2Time":5130.967875},"16":{"part1ExampleResult":11048,"part1ExampleTime":0.5577079999999341,"part1Result":79404,"part1Time":6875.336792,"part2ExampleResult":64,"part2ExampleTime":0.10858300000018062,"part2Result":451,"part2Time":2.936416999999892}}