{"1":{"part1ExampleResult":11,"part1ExampleTime":0.06974999999999909,"part1Result":2367773,"part1Time":0.7124579999999696,"part2ExampleResult":31,"part2ExampleTime":0.03674999999998363,"part2Result":21271939,"part2Time":0.12887499999999363},"2":{"part1ExampleResult":2,"part1ExampleTime":0.05358300000000327,"part1Result":585,"part1Time":0.6856249999999591,"part2ExampleResult":4,"part2ExampleTime":0.037833000000034644,"part2Result":626,"part2Time":0.7567500000000109},"3":{"part1ExampleResult":161,"part1ExampleTime":0.10170800000003055,"part1Result":162813399,"part1Time":0.30133299999999963,"part2ExampleResult":48,"part2ExampleTime":0.08725000000004002,"part2Result":53783319,"part2Time":0.15795799999995097},"4":{"part1ExampleResult":18,"part1ExampleTime":0.18233299999997143,"part1Result":2569,"part1Time":2.5545000000000186,"part2ExampleResult":9,"part2ExampleTime":0.16058399999997164,"part2Result":1998,"part2Time":3.2487499999999727},"5":{"part1ExampleResult":143,"part1ExampleTime":0.17304200000000947,"part1Result":6041,"part1Time":10.306958000000009,"part2ExampleResult":123,"part2ExampleTime":0.12154099999997925,"part2Result":4884,"part2Time":16.232583999999974},"6":{"part1ExampleResult":41,"part1ExampleTime":0.25408299999992323,"part1Result":5239,"part1Time":3.9020420000000513,"part2ExampleResult":6,"part2ExampleTime":0.4561669999999367,"part2Result":1753,"part2Time":5070.855083},"7":{"part1ExampleResult":3749,"part1ExampleTime":0.38554099999998925,"part1Result":7710205485870,"part1Time":1167.909834,"part2ExampleResult":11387,"part2ExampleTime":0.25670900000000074,"part2Result":20928985450275,"part2Time":58216.161791}}