{"1":{"part1ExampleResult":11,"part1ExampleTime":0.06974999999999909,"part1Result":2367773,"part1Time":0.7124579999999696,"part2ExampleResult":31,"part2ExampleTime":0.03674999999998363,"part2Result":21271939,"part2Time":0.12887499999999363}}