{"1":{"part1ExampleResult":3,"part1ExampleTime":0.020834000000036212,"part1Result":574,"part1Time":0.10599999999999454,"part2ExampleResult":2,"part2ExampleTime":0.026540999999951964,"part2Result":452,"part2Time":1443.316542},"2":{"part1ExampleResult":12,"part1ExampleTime":0.17887499999994816,"part1Result":7776,"part1Time":0.8803750000000719,"part2ExampleResult":"fgij","part2ExampleTime":0.0824160000000802,"part2Result":"wlkigsqyfecjqqmnxaktdrhbz","part2Time":2.505416999999966},"3":{"part1ExampleResult":4,"part1ExampleTime":0.1732499999999959,"part1Result":111266,"part1Time":1631.27275,"part2ExampleResult":3,"part2ExampleTime":0.07287499999983993,"part2Result":266,"part2Time":0.043166000000383065},"4":{"part1ExampleResult":240,"part1ExampleTime":0.32104100000003655,"part1Result":12504,"part1Time":2.4837499999999864,"part2ExampleResult":4455,"part2ExampleTime":0.048499999999989996,"part2Result":139543,"part2Time":1.023290999999972},"5":{"part1ExampleResult":10,"part1ExampleTime":0.168042000000014,"part1Result":11894,"part1Time":2.954291000000012,"part2ExampleResult":4,"part2ExampleTime":0.19870900000000802,"part2Result":5310,"part2Time":432.6646669999999},"6":{"part1ExampleResult":17,"part1ExampleTime":0.35724999999990814,"part1Result":4475,"part1Time":1571.528792,"part2ExampleResult":16,"part2ExampleTime":0.12087500000006912,"part2Result":35237,"part2Time":12.980790999999954},"7":{"part1ExampleResult":"CABDFE","part1ExampleTime":0.21462500000006912,"part1Result":"GNJOCHKSWTFMXLYDZABIREPVUQ","part1Time":0.26745900000003076,"part2ExampleResult":15,"part2ExampleTime":0.5652919999999995,"part2Result":886,"part2Time":6.325667000000067},"8":{"part1ExampleResult":138,"part1ExampleTime":0.06654100000002927,"part1Result":41521,"part1Time":1.8420830000000024,"part2ExampleResult":66,"part2ExampleTime":0.04541700000004312,"part2Result":19990,"part2Time":2.8317919999999503},"9":{"part1ExampleResult":8317,"part1ExampleTime":0.316791999999964,"part1Result":384288,"part1Time":3.9899169999999913,"part2ExampleResult":74765078,"part2ExampleTime":5.819875000000025,"part2Result":3189426841,"part2Time":293.300666},"10":{"part1ExampleResult":"","part1ExampleTime":0.6860410000000456,"part1Result":"","part1Time":4086.159208,"part2ExampleResult":3,"part2ExampleTime":0.042916999999761174,"part2Result":10243,"part2Time":0.0009169999993901001},"11":{"part1ExampleResult":"21,61","part1ExampleTime":3.6715829999999414,"part1Result":"235,20","part1Time":2.976791999999932,"part2ExampleResult":"232,251,12","part2ExampleTime":73137.06783300001,"part2Result":"237,223,14","part2Time":74019.41529099998},"12":{"part1ExampleResult":325,"part1ExampleTime":0.9064579999999864,"part1Result":3405,"part1Time":2.7294579999999655,"part2ExampleResult":999999999374,"part2ExampleTime":8.617042000000026,"part2Result":3350000000000,"part2Time":25.514167000000043},"13":{"part1ExampleResult":"7,3","part1ExampleTime":0.34608400000001893,"part1Result":"38,72","part1Time":23.16179199999999,"part2ExampleResult":"6,4","part2ExampleTime":0.12708299999997053,"part2Result":"68,27","part2Time":13.126750000000015},"14":{"part1ExampleResult":"9251071085","part1ExampleTime":0.06795800000008967,"part1Result":"1776718175","part1Time":3773.1827090000006,"part2ExampleResult":2018,"part2ExampleTime":0.4831670000003214,"part2Result":20220949,"part2Time":1411.8586670000004},"16":{"part1ExampleResult":1,"part1ExampleTime":0.17641700000001492,"part1Result":509,"part1Time":2.2663330000000315,"part2ExampleResult":0,"part2ExampleTime":0.08420799999998962,"part2Result":496,"part2Time":0.5724159999999756},"17":{"part1ExampleResult":"skip","part1ExampleTime":0,"part1Result":"<NOT YET IMPLEMENTED>","part1Time":8.834249999999997,"part2ExampleResult":"skip","part2ExampleTime":0,"part2Result":"<NOT YET IMPLEMENTED>","part2Time":0.027708999999958905}}