{"1":{"part1ExampleResult":9,"part1ExampleTime":0.02391699999998309,"part1Result":1253,"part1Time":0.1158340000000635,"part2ExampleResult":4,"part2ExampleTime":0.046666999999956715,"part2Result":1278,"part2Time":0.07979100000000017},"2":{"part1ExampleResult":18,"part1ExampleTime":0.06704200000001492,"part1Result":30994,"part1Time":0.05000000000006821,"part2ExampleResult":9,"part2ExampleTime":0.055292000000008557,"part2Result":233,"part2Time":0.05224999999995816},"3":{"part1ExampleResult":31,"part1ExampleTime":0.04658299999994142,"part1Result":438,"part1Time":1.6318340000000262,"part2ExampleResult":1968,"part2ExampleTime":0.0861250000000382,"part2Result":266330,"part2Time":1.1300840000000107}}