{"1":{"part1ExampleResult":9,"part1ExampleTime":0.02391699999998309,"part1Result":1253,"part1Time":0.1158340000000635,"part2ExampleResult":4,"part2ExampleTime":0.046666999999956715,"part2Result":1278,"part2Time":0.07979100000000017}}