{"1":{"part1ExampleResult":9,"part1ExampleTime":0.02391699999998309,"part1Result":1253,"part1Time":0.1158340000000635,"part2ExampleResult":4,"part2ExampleTime":0.046666999999956715,"part2Result":1278,"part2Time":0.07979100000000017},"2":{"part1ExampleResult":18,"part1ExampleTime":0.06704200000001492,"part1Result":30994,"part1Time":0.05000000000006821,"part2ExampleResult":9,"part2ExampleTime":0.055292000000008557,"part2Result":233,"part2Time":0.05224999999995816},"3":{"part1ExampleResult":31,"part1ExampleTime":0.04658299999994142,"part1Result":438,"part1Time":1.6318340000000262,"part2ExampleResult":1968,"part2ExampleTime":0.0861250000000382,"part2Result":266330,"part2Time":1.1300840000000107},"4":{"part1ExampleResult":2,"part1ExampleTime":0.04279200000007677,"part1Result":455,"part1Time":0.43766600000003564,"part2ExampleResult":3,"part2ExampleTime":0.07579100000009475,"part2Result":186,"part2Time":2.141666999999984},"5":{"part1ExampleResult":5,"part1ExampleTime":0.43645799999995916,"part1Result":358131,"part1Time":119.18454200000008,"part2ExampleResult":10,"part2ExampleTime":2.433749999999918,"part2Result":25558839,"part2Time":8206.510125},"6":{"part1ExampleResult":5,"part1ExampleTime":0.5149999999999864,"part1Result":12841,"part1Time":141.68408399999998,"part2ExampleResult":4,"part2ExampleTime":0.056791999999973086,"part2Result":8038,"part2Time":0.02612499999997908}}