{"1":{"part1ExampleResult":9,"part1ExampleTime":0.02391699999998309,"part1Result":1253,"part1Time":0.1158340000000635,"part2ExampleResult":4,"part2ExampleTime":0.046666999999956715,"part2Result":1278,"part2Time":0.07979100000000017},"2":{"part1ExampleResult":18,"part1ExampleTime":0.06704200000001492,"part1Result":30994,"part1Time":0.05000000000006821,"part2ExampleResult":9,"part2ExampleTime":0.055292000000008557,"part2Result":233,"part2Time":0.05224999999995816},"3":{"part1ExampleResult":31,"part1ExampleTime":0.04658299999994142,"part1Result":438,"part1Time":1.6318340000000262,"part2ExampleResult":1968,"part2ExampleTime":0.0861250000000382,"part2Result":266330,"part2Time":1.1300840000000107},"4":{"part1ExampleResult":2,"part1ExampleTime":0.04279200000007677,"part1Result":455,"part1Time":0.43766600000003564,"part2ExampleResult":3,"part2ExampleTime":0.07579100000009475,"part2Result":186,"part2Time":2.141666999999984},"5":{"part1ExampleResult":5,"part1ExampleTime":0.43645799999995916,"part1Result":358131,"part1Time":119.18454200000008,"part2ExampleResult":10,"part2ExampleTime":2.433749999999918,"part2Result":25558839,"part2Time":8206.510125},"6":{"part1ExampleResult":5,"part1ExampleTime":0.6560839999999644,"part1Result":12841,"part1Time":134.06066699999997,"part2ExampleResult":4,"part2ExampleTime":0.04312500000003183,"part2Result":8038,"part2Time":0.02425000000005184},"7":{"part1ExampleResult":"tknk","part1ExampleTime":0.21191699999997127,"part1Result":"cyrupz","part1Time":51.789041,"part2ExampleResult":60,"part2ExampleTime":0.1207920000000513,"part2Result":193,"part2Time":0.26424999999994725},"8":{"part1ExampleResult":1,"part1ExampleTime":0.09025000000008276,"part1Result":5946,"part1Time":0.7497920000000704,"part2ExampleResult":1,"part2ExampleTime":0.008000000000038199,"part2Result":6026,"part2Time":0.0012080000000196378},"9":{"part1ExampleResult":16,"part1ExampleTime":0.11833400000000438,"part1Result":17390,"part1Time":1.0355839999999716,"part2ExampleResult":10,"part2ExampleTime":0.023000000000024556,"part2Result":7825,"part2Time":0.17629199999998946},"10":{"part1ExampleResult":12,"part1ExampleTime":0.06729100000006838,"part1Result":8536,"part1Time":0.1571249999999509,"part2ExampleResult":"3efbe78a8d82f29979031a4aa0b16a9d","part2ExampleTime":0.7498330000000806,"part2Result":"aff593797989d665349efe11bb4fd99b","part2Time":2.7402080000000524},"11":{"part1ExampleResult":3,"part1ExampleTime":0.04045800000000099,"part1Result":720,"part1Time":1.0287500000000023,"part2ExampleResult":3,"part2ExampleTime":0.0060829999999896245,"part2Result":1485,"part2Time":0.0009580000000255495},"12":{"part1ExampleResult":6,"part1ExampleTime":0.13945800000010422,"part1Result":152,"part1Time":1.560292000000004,"part2ExampleResult":2,"part2ExampleTime":0.045040999999969245,"part2Result":186,"part2Time":19.228166999999985},"13":{"part1ExampleResult":24,"part1ExampleTime":0.6873329999999669,"part1Result":1728,"part1Time":0.721290999999951,"part2ExampleResult":10,"part2ExampleTime":0.5817500000000564,"part2Result":3946838,"part2Time":57880.289},"14":{"part1ExampleResult":8108,"part1ExampleTime":30.72199999999998,"part1Result":8106,"part1Time":12.61770899999999,"part2ExampleResult":1242,"part2ExampleTime":1.1992500000000064,"part2Result":1164,"part2Time":0.5327499999999645},"15":{"part1ExampleResult":588,"part1ExampleTime":13444.493625,"part1Result":597,"part1Time":14120.170000000002,"part2ExampleResult":309,"part2ExampleTime":5895.862499999999,"part2Result":303,"part2Time":6118.906000000003},"16":{"part1ExampleResult":"skip","part1ExampleTime":0,"part1Result":"bijankplfgmeodhc","part1Time":4.060416000000032,"part2ExampleResult":"skip","part2ExampleTime":0,"part2Result":"bpjahknliomefdgc","part2Time":56.522333},"17":{"part1ExampleResult":"skip","part1ExampleTime":0,"part1Result":1547,"part1Time":0.21383400000001984,"part2ExampleResult":"skip","part2ExampleTime":0,"part2Result":31154878,"part2Time":157.43845799999997},"18":{"part1ExampleResult":4,"part1ExampleTime":0.15179200000000037,"part1Result":2951,"part1Time":0.3905000000000882,"part2ExampleResult":3,"part2ExampleTime":0.13200000000006185,"part2Result":7366,"part2Time":23.306749999999965},"19":{"part1ExampleResult":"ABCDEF","part1ExampleTime":3.052041000000031,"part1Result":"PBAZYFMHT","part1Time":4.105166000000054,"part2ExampleResult":38,"part2ExampleTime":0.07658300000002782,"part2Result":16072,"part2Time":0.0009169999999585343},"20":{"part1ExampleResult":0,"part1ExampleTime":3.033999999999992,"part1Result":157,"part1Time":568.9034160000001,"part2ExampleResult":"skip","part2ExampleTime":0,"part2Result":499,"part2Time":87.89737500000001},"22":{"part1ExampleResult":5587,"part1ExampleTime":42.56849999999997,"part1Result":5176,"part1Time":46.63612499999999,"part2ExampleResult":2511944,"part2ExampleTime":474.89370800000006,"part2Result":2512017,"part2Time":405.2274590000002},"23":{"part1ExampleResult":"skip","part1ExampleTime":0,"part1Result":4225,"part1Time":7.774416999999971,"part2ExampleResult":"skip","part2ExampleTime":0,"part2Result":905,"part2Time":117.698667}}