{"1":{"part1ExampleResult":34241,"part1ExampleTime":0.02091700000005403,"part1Result":3334282,"part1Time":0.018915999999990163,"part2ExampleResult":51316,"part2ExampleTime":0.08983299999999872,"part2Result":4998585,"part2Time":0.05879200000003948},"2":{"part1ExampleResult":3500,"part1ExampleTime":0.029291000000000622,"part1Result":5866714,"part1Time":0.08691700000002811,"part2ExampleResult":"<NOT FOUND>","part2ExampleTime":6.9969580000000065,"part2Result":5208,"part2Time":20.743165999999974},"3":{"part1ExampleResult":135,"part1ExampleTime":0.5629590000000917,"part1Result":5357,"part1Time":27125.307624999998,"part2ExampleResult":410,"part2ExampleTime":0.06495900000300026,"part2Result":101956,"part2Time":12.599915999999212},"4":{"part1ExampleResult":0,"part1ExampleTime":0.026457999999934145,"part1Result":960,"part1Time":19.475459,"part2ExampleResult":0,"part2ExampleTime":0.04487499999993361,"part2Result":626,"part2Time":0.5615420000000313},"5":{"part1ExampleResult":"skip","part1ExampleTime":0,"part1Result":12234644,"part1Time":0.19991700000002766,"part2ExampleResult":999,"part2ExampleTime":0.03058299999997871,"part2Result":3508186,"part2Time":0.07033400000000256},"6":{"part1ExampleResult":42,"part1ExampleTime":0.11633299999999736,"part1Result":200001,"part1Time":28.969540999999992,"part2ExampleResult":"skip","part2ExampleTime":0,"part2Result":379,"part2Time":0.20558300000004692},"7":{"part1ExampleResult":43210,"part1ExampleTime":2.3401249999999436,"part1Result":43812,"part1Time":1.9073750000000018,"part2ExampleResult":139629729,"part2ExampleTime":9.091166999999928,"part2Result":59597414,"part2Time":14.65258300000005},"8":{"part1ExampleResult":"skip","part1ExampleTime":0,"part1Result":1820,"part1Time":0.4597089999999753,"part2ExampleResult":"skip","part2ExampleTime":0,"part2Result":"see console output","part2Time":0.39170799999999417},"9":{"part1ExampleResult":1,"part1ExampleTime":0.08654200000000856,"part1Result":2955820355,"part1Time":0.28054199999996854,"part2ExampleResult":"skip","part2ExampleTime":0,"part2Result":46643,"part2Time":78.72279200000003}}