{"1":{"part1ExampleResult":34241,"part1ExampleTime":0.02091700000005403,"part1Result":3334282,"part1Time":0.018915999999990163,"part2ExampleResult":51316,"part2ExampleTime":0.08983299999999872,"part2Result":4998585,"part2Time":0.05879200000003948},"2":{"part1ExampleResult":3500,"part1ExampleTime":0.029291000000000622,"part1Result":5866714,"part1Time":0.08691700000002811,"part2ExampleResult":"<NOT FOUND>","part2ExampleTime":6.9969580000000065,"part2Result":5208,"part2Time":20.743165999999974},"3":{"part1ExampleResult":135,"part1ExampleTime":0.5629590000000917,"part1Result":5357,"part1Time":27125.307624999998,"part2ExampleResult":410,"part2ExampleTime":0.06495900000300026,"part2Result":101956,"part2Time":12.599915999999212},"4":{"part1ExampleResult":0,"part1ExampleTime":0.026457999999934145,"part1Result":960,"part1Time":19.475459,"part2ExampleResult":0,"part2ExampleTime":0.04487499999993361,"part2Result":626,"part2Time":0.5615420000000313},"5":{"part1ExampleResult":"skip","part1ExampleTime":0,"part1Result":12234644,"part1Time":0.19991700000002766,"part2ExampleResult":999,"part2ExampleTime":0.03058299999997871,"part2Result":3508186,"part2Time":0.07033400000000256},"6":{"part1ExampleResult":42,"part1ExampleTime":0.11633299999999736,"part1Result":200001,"part1Time":28.969540999999992,"part2ExampleResult":"skip","part2ExampleTime":0,"part2Result":379,"part2Time":0.20558300000004692},"7":{"part1ExampleResult":43210,"part1ExampleTime":2.3401249999999436,"part1Result":43812,"part1Time":1.9073750000000018,"part2ExampleResult":139629729,"part2ExampleTime":9.091166999999928,"part2Result":59597414,"part2Time":14.65258300000005},"8":{"part1ExampleResult":"skip","part1ExampleTime":0,"part1Result":1820,"part1Time":0.4597089999999753,"part2ExampleResult":"skip","part2ExampleTime":0,"part2Result":"see console output","part2Time":0.39170799999999417},"9":{"part1ExampleResult":1,"part1ExampleTime":0.08654200000000856,"part1Result":2955820355,"part1Time":0.28054199999996854,"part2ExampleResult":"skip","part2ExampleTime":0,"part2Result":46643,"part2Time":78.72279200000003},"10":{"part1ExampleResult":210,"part1ExampleTime":21.833833000000027,"part1Result":314,"part1Time":34.79062499999998,"part2ExampleResult":802,"part2ExampleTime":0.24416699999994762,"part2Result":1513,"part2Time":0.14383300000008603},"11":{"part1ExampleResult":"skip","part1ExampleTime":0,"part1Result":2016,"part1Time":47.01441699999998,"part2ExampleResult":"skip","part2ExampleTime":0,"part2Result":"see console output","part2Time":7.569084000000089},"12":{"part1ExampleResult":179,"part1ExampleTime":0.21758299999999053,"part1Result":12490,"part1Time":2.7450000000000045,"part2ExampleResult":4686774924,"part2ExampleTime":7.242750000000001,"part2Result":392733896255168,"part2Time":124.20995800000003},"13":{"part1ExampleResult":"skip","part1ExampleTime":0,"part1Result":284,"part1Time":10.246458000000075,"part2ExampleResult":"skip","part2ExampleTime":0,"part2Result":13581,"part2Time":191.39183300000002},"14":{"part1ExampleResult":165,"part1ExampleTime":0.275792000000024,"part1Result":1590844,"part1Time":0.8091670000000022,"part2ExampleResult":"skip","part2ExampleTime":0,"part2Result":1184209,"part2Time":22.86004200000002},"15":{"part1ExampleResult":"skip","part1ExampleTime":0,"part1Result":236,"part1Time":33146.441125,"part2ExampleResult":"skip","part2ExampleTime":0,"part2Result":368,"part2Time":118.66458299999795},"16":{"part1ExampleResult":"24176176","part1ExampleTime":5.0302090000000135,"part1Result":"59281788","part1Time":847.709542,"part2ExampleResult":"84462026","part2ExampleTime":11.342666000000008,"part2Result":"96062868","part2Time":248.96791700000017},"17":{"part1ExampleResult":"skip","part1ExampleTime":0,"part1Result":5948,"part1Time":21.603417000000036,"part2ExampleResult":"skip","part2ExampleTime":0,"part2Result":997790,"part2Time":3007.690625},"19":{"part1ExampleResult":"skip","part1ExampleTime":0,"part1Result":211,"part1Time":223.077042,"part2ExampleResult":"skip","part2ExampleTime":0,"part2Result":8071006,"part2Time":2851.059583},"20":{"part1ExampleResult":58,"part1ExampleTime":5.3615839999999935,"part1Result":578,"part1Time":42.22366599999998,"part2ExampleResult":396,"part2ExampleTime":40.677666000000045,"part2Result":6592,"part2Time":3083.2814590000003}}