{"1":{"part1ExampleResult":34241,"part1ExampleTime":0.02091700000005403,"part1Result":3334282,"part1Time":0.018915999999990163,"part2ExampleResult":51316,"part2ExampleTime":0.08983299999999872,"part2Result":4998585,"part2Time":0.05879200000003948}}