{"1":{"part1ExampleResult":34241,"part1ExampleTime":0.02091700000005403,"part1Result":3334282,"part1Time":0.018915999999990163,"part2ExampleResult":51316,"part2ExampleTime":0.08983299999999872,"part2Result":4998585,"part2Time":0.05879200000003948},"2":{"part1ExampleResult":3500,"part1ExampleTime":0.029291000000000622,"part1Result":5866714,"part1Time":0.08691700000002811,"part2ExampleResult":"<NOT FOUND>","part2ExampleTime":6.9969580000000065,"part2Result":5208,"part2Time":20.743165999999974},"3":{"part1ExampleResult":135,"part1ExampleTime":0.5629590000000917,"part1Result":5357,"part1Time":27125.307624999998,"part2ExampleResult":410,"part2ExampleTime":0.06495900000300026,"part2Result":101956,"part2Time":12.599915999999212}}