{"1":{"part1ExampleResult":3,"part1ExampleTime":0.018291999999973996,"part1Result":232,"part1Time":0.16329200000001265,"part2ExampleResult":5,"part2ExampleTime":0.029625000000010004,"part2Result":1783,"part2Time":0.07954100000000608},"2":{"part1ExampleResult":101,"part1ExampleTime":0.05720900000000029,"part1Result":1606483,"part1Time":0.4989999999999668,"part2ExampleResult":48,"part2ExampleTime":0.028041999999970812,"part2Result":3842356,"part2Time":0.4592089999999871}}