{"1":{"part1ExampleResult":3,"part1ExampleTime":0.018291999999973996,"part1Result":232,"part1Time":0.16329200000001265,"part2ExampleResult":5,"part2ExampleTime":0.029625000000010004,"part2Result":1783,"part2Time":0.07954100000000608},"2":{"part1ExampleResult":101,"part1ExampleTime":0.05720900000000029,"part1Result":1606483,"part1Time":0.4989999999999668,"part2ExampleResult":48,"part2ExampleTime":0.028041999999970812,"part2Result":3842356,"part2Time":0.4592089999999871},"3":{"part1ExampleResult":4,"part1ExampleTime":0.13249999999999318,"part1Result":2081,"part1Time":1.4335419999999885,"part2ExampleResult":3,"part2ExampleTime":0.04537499999997863,"part2Result":2341,"part2Time":1.3805419999999913},"4":{"part1ExampleResult":609043,"part1ExampleTime":480.997875,"part1Result":117946,"part1Time":92.73300000000006,"part2ExampleResult":6742839,"part2ExampleTime":5919.101875,"part2Result":3938038,"part2Time":3302.7191249999996},"5":{"part1ExampleResult":2,"part1ExampleTime":0.10758299999997689,"part1Result":238,"part1Time":4.582707999999968,"part2ExampleResult":2,"part2ExampleTime":0.13779199999999037,"part2Result":69,"part2Time":0.989167000000009},"6":{"part1ExampleResult":998996,"part1ExampleTime":41.16387500000002,"part1Result":377891,"part1Time":104.17087500000002,"part2ExampleResult":2000001,"part2ExampleTime":26.603875000000016,"part2Result":14110788,"part2Time":106.42999999999995}}