{"1":{"part1ExampleResult":3,"part1ExampleTime":0.018291999999973996,"part1Result":232,"part1Time":0.16329200000001265,"part2ExampleResult":5,"part2ExampleTime":0.029625000000010004,"part2Result":1783,"part2Time":0.07954100000000608},"2":{"part1ExampleResult":101,"part1ExampleTime":0.05720900000000029,"part1Result":1606483,"part1Time":0.4989999999999668,"part2ExampleResult":48,"part2ExampleTime":0.028041999999970812,"part2Result":3842356,"part2Time":0.4592089999999871},"3":{"part1ExampleResult":4,"part1ExampleTime":0.13249999999999318,"part1Result":2081,"part1Time":1.4335419999999885,"part2ExampleResult":3,"part2ExampleTime":0.04537499999997863,"part2Result":2341,"part2Time":1.3805419999999913},"4":{"part1ExampleResult":609043,"part1ExampleTime":480.997875,"part1Result":117946,"part1Time":92.73300000000006,"part2ExampleResult":6742839,"part2ExampleTime":5919.101875,"part2Result":3938038,"part2Time":3302.7191249999996},"5":{"part1ExampleResult":2,"part1ExampleTime":0.10758299999997689,"part1Result":238,"part1Time":4.582707999999968,"part2ExampleResult":2,"part2ExampleTime":0.13779199999999037,"part2Result":69,"part2Time":0.989167000000009},"6":{"part1ExampleResult":998996,"part1ExampleTime":41.16387500000002,"part1Result":377891,"part1Time":104.17087500000002,"part2ExampleResult":2000001,"part2ExampleTime":26.603875000000016,"part2Result":14110788,"part2Time":106.42999999999995},"7":{"part1ExampleResult":"d: 72\ne: 507\nf: 492\ng: 114\nh: 65412\ni: 65079\nx: 123\ny: 456","part1ExampleTime":0.26437500000002956,"part1Result":"a: 46065\naa: 1050\nab: 5242\nac: 8\nad: 65527\nae: 5234\naf: 13555\nag: 80\nah: 65455\nai: 13475\naj: 47079\nak: 1\nal: 65534\nam: 47078\nan: 0\nao: 2\nap: 2\naq: 16802\nar: 0\nas: 16802\nat: 4200\nau: 2100\nav: 525\naw: 2621\nax: 4\nay: 65531\naz: 2617\nb: 1674\nba: 6777\nbb: 40\nbc: 65495\nbd: 6737\nbe: 23539\nbf: 0\nbg: 65535\nbh: 23539\nbi: 1\nbj: 4\nbk: 5\nbl: 8401\nbm: 32768\nbn: 41169\nbo: 10292\nbp: 5146\nbq: 1286\nbr: 5406\nbs: 1026\nbt: 64509\nbu: 4380\nbv: 14652\nbw: 20\nbx: 65515\nby: 14632\nbz: 47609\nc: 0\nca: 8192\ncb: 57343\ncc: 39417\ncd: 1\nce: 10\ncf: 11\ncg: 20584\nch: 32768\nci: 53352\ncj: 13338\nck: 6669\ncl: 1667\ncm: 7823\ncn: 513\nco: 65022\ncp: 7310\ncq: 15518\ncr: 5130\ncs: 60405\nct: 10388\ncu: 63740\ncv: 0\ncw: 65535\ncx: 63740\ncy: 0\ncz: 22\nd: 418\nda: 22\ndb: 26676\ndc: 0\ndd: 26676\nde: 6669\ndf: 3334\ndg: 833\ndh: 3911\ndi: 256\ndj: 65279\ndk: 3655\ndl: 7759\ndm: 2565\ndn: 62970\ndo: 5194\ndp: 31870\ndq: 0\ndr: 65535\nds: 31870\ndt: 0\ndu: 44\ndv: 44\ndw: 13338\ndx: 0\ndy: 13338\ndz: 3334\ne: 209\nea: 1667\neb: 416\nec: 1955\ned: 128\nee: 65407\nef: 1827\neg: 3879\neh: 1282\nei: 64253\nej: 2597\nek: 15935\nel: 0\nem: 65535\nen: 15935\neo: 1\nep: 88\neq: 89\ner: 6669\nes: 32768\net: 39437\neu: 9859\nev: 4929\new: 1232\nex: 6097\ney: 64\nez: 65471\nf: 52\nfa: 6033\nfb: 14227\nfc: 1665\nfd: 63870\nfe: 12562\nff: 47903\nfg: 4096\nfh: 61439\nfi: 43807\nfj: 1\nfk: 178\nfl: 179\nfm: 19718\nfn: 32768\nfo: 52486\nfp: 13121\nfq: 6560\nfr: 1640\nfs: 8168\nft: 32\nfu: 65503\nfv: 8136\nfw: 16329\nfx: 4928\nfy: 60607\nfz: 11401\ng: 245\nga: 60815\ngb: 3072\ngc: 62463\ngd: 57743\nge: 1\ngf: 358\ngg: 359\ngh: 26243\ngi: 32768\ngj: 59011\ngk: 14752\ngl: 7376\ngm: 1844\ngn: 8180\ngo: 1040\ngp: 64495\ngq: 7140\ngr: 15332\ngs: 6560\ngt: 58975\ngu: 8772\ngv: 59079\ngw: 8704\ngx: 56831\ngy: 50375\ngz: 1\nh: 16\nha: 718\nhb: 719\nhc: 29505\nhd: 32768\nhe: 62273\nhf: 15568\nhg: 7784\nhh: 1946\nhi: 8186\nhj: 1544\nhk: 63991\nhl: 6642\nhm: 15858\nhn: 6352\nho: 59183\nhp: 9506\nhq: 63331\nhr: 8448\nhs: 57087\nht: 54883\nhu: 1\nhv: 1438\nhw: 1439\nhx: 31136\nhy: 32768\nhz: 63904\ni: 65519\nia: 15976\nib: 7988\nic: 1997\nid: 8189\nie: 1796\nif: 63739\nig: 6393\nih: 16121\nii: 6248\nij: 59287\nik: 9873\nil: 65457\nim: 8320\nin: 57215\nio: 57137\nip: 1\niq: 2878\nir: 2879\nis: 31952\nit: 32768\niu: 64720\niv: 16180\niw: 8090\nix: 2022\niy: 8190\niz: 1922\nj: 229\nja: 63613\njb: 6268\njc: 16252\njd: 6196\nje: 59339\njf: 10056\njg: 65496\njh: 9280\nji: 56255\njj: 56216\njk: 0\njl: 5758\njm: 5758\njn: 32360\njo: 0\njp: 32360\njq: 8090\njr: 4045\njs: 1011\njt: 4095\nju: 961\njv: 64574\njw: 3134\njx: 8126\njy: 3098\njz: 62437\nk: 487\nka: 5028\nkb: 32748\nkc: 4640\nkd: 60895\nke: 28108\nkf: 0\nkg: 11516\nkh: 11516\nki: 16180\nkj: 0\nkk: 16180\nkl: 4045\nkm: 2022\nkn: 505\nko: 2047\nkp: 480\nkq: 65055\nkr: 1567\nks: 4063\nkt: 1549\nku: 63986\nkv: 2514\nkw: 16374\nkx: 2320\nky: 63215\nkz: 14054\nl: 160\nla: 0\nlb: 23032\nlc: 23032\nld: 8090\nle: 0\nlf: 8090\nlg: 2022\nlh: 1011\nli: 252\nlj: 1023\nlk: 240\nll: 65295\nlm: 783\nln: 2031\nlo: 774\nlp: 64761\nlq: 1257\nlr: 8187\nls: 1160\nlt: 64375\nlu: 7027\nlv: 1\nlw: 46064\nlx: 46065\nly: 4045\nlz: 32768\nm: 65375\nma: 36813\nn: 327\no: 1999\np: 2\nq: 65533\nr: 1997\ns: 1\nt: 0\nu: 1\nv: 837\nw: 32768\nx: 33605\ny: 8401\nz: 4200","part1Time":2869.0966670000003,"part2ExampleResult":"b: 46065\nd: 72\ne: 507\nf: 492\ng: 114\nh: 65412\ni: 65079\nx: 123\ny: 456","part2ExampleTime":0.23374999999987267,