{"1":{"part1ExampleResult":3,"part1ExampleTime":0.018291999999973996,"part1Result":232,"part1Time":0.16329200000001265,"part2ExampleResult":5,"part2ExampleTime":0.029625000000010004,"part2Result":1783,"part2Time":0.07954100000000608}}