{"1":{"part1ExampleResult":12,"part1ExampleTime":0.02987499999994725,"part1Result":231,"part1Time":0.11116699999990942,"part2ExampleResult":4,"part2ExampleTime":0.08966699999996308,"part2Result":147,"part2Time":0.29291699999998855},"2":{"part1ExampleResult":"1985","part1ExampleTime":0.07091699999995171,"part1Result":"78985","part1Time":0.1224170000000413,"part2ExampleResult":"5DB3","part2ExampleTime":0.05933299999992414,"part2Result":"57DD8","part2Time":0.14395899999999529},"3":{"part1ExampleResult":1,"part1ExampleTime":0.037916999999993095,"part1Result":1032,"part1Time":2.2772919999999885,"part2ExampleResult":0,"part2ExampleTime":0.07562499999994543,"part2Result":1838,"part2Time":1.1370829999999614},"4":{"part1ExampleResult":1514,"part1ExampleTime":0.19204200000001492,"part1Result":361724,"part1Time":9.367208000000005,"part2ExampleResult":"very encrypted name, 343","part2ExampleTime":0.15845899999999347,"part2Result":"northpole object storage, 482","part2Time":6.605458999999996},"5":{"part1ExampleResult":"18f47a30","part1ExampleTime":6152.031959,"part1Result":"801b56a7","part1Time":5502.829541000001,"part2ExampleResult":"05ace8e3","part2ExampleTime":9949.465833000002,"part2Result":"424a0197","part2Time":19185.217834},"6":{"part1ExampleResult":"easter","part1ExampleTime":0.13112499999999727,"part1Result":"zcreqgiv","part1Time":0.27241700000001856,"part2ExampleResult":"advent","part2ExampleTime":0.028833999999960724,"part2Result":"pljvorrk","part2Time":0.006209000000012566},"7":{"part1ExampleResult":2,"part1ExampleTime":0.0858339999999771,"part1Result":118,"part1Time":2.9160000000000537,"part2ExampleResult":3,"part2ExampleTime":0.1481659999999465,"part2Result":260,"part2Time":3.2390000000000327},"8":{"part1ExampleResult":6,"part1ExampleTime":0.11295799999993505,"part1Result":121,"part1Time":0.4136670000000322,"part2ExampleResult":"see above","part2ExampleTime":0.1300420000000031,"part2Result":"see above","part2Time":0.02195900000003803},"9":{"part1ExampleResult":57,"part1ExampleTime":0.24512500000003,"part1Result":99145,"part1Time":2.978375000000028,"part2ExampleResult":242385,"part2ExampleTime":0.11041599999998652,"part2Result":10943094568,"part2Time":14.14650000000006},"10":{"part1ExampleResult":2,"part1ExampleTime":0.2550410000000056,"part1Result":47,"part1Time":1.1644160000000738,"part2ExampleResult":30,"part2ExampleTime":0.017959000000018932,"part2Result":2666,"part2Time":0.0027499999999918145},"11":{"part1ExampleResult":"skip","part1ExampleTime":0,"part1Result":31,"part1Time":0.2024579999999787,"part2ExampleResult":"skip","part2ExampleTime":0,"part2Result":55,"part2Time":0.0428749999999809},"12":{"part1ExampleResult":42,"part1ExampleTime":0.127207999999996,"part1Result":318007,"part1Time":57.75079200000005,"part2ExampleResult":42,"part2ExampleTime":0.04958299999998417,"part2Result":9227661,"part2Time":1483.147958},"13":{"part1ExampleResult":11,"part1ExampleTime":0.15954199999998764,"part1Result":90,"part1Time":20.2594170000001,"part2ExampleResult":151,"part2ExampleTime":0.912499999999909,"part2Result":135,"part2Time":1.1586670000000368},"14":{"part1ExampleResult":22728,"part1ExampleTime":23.204666999999972,"part1Result":15168,"part1Time":14.02054099999998,"part2ExampleResult":22551,"part2ExampleTime":34841.234749999996,"part2Result":20864,"part2Time":30234.495333000006},"15":{"part1ExampleResult":5,"part1ExampleTime":0.11649999999997362,"part1Result":400589,"part1Time":10.382082999999966,"part2ExampleResult":85,"part2ExampleTime":0.10524999999995543,"part2Result":3045959,"part2Time":72.9396670000001},"16":{"part1ExampleResult":"01100","part1ExampleTime":0.04233299999998508,"part1Result":"11100110111101110","part1Time":0.047041999999919426,"part2ExampleResult":"10111110011110111","part2ExampleTime":2712.793708,"part2Result":"10001101010000101","part2Time":2078.7800420000003},"17":{"part1ExampleResult":"DRURDRUDDLLDLUURRDULRLDUUDDDRR","part1ExampleTime":73.898458,"part1Result":"DUDRDLRRRD","part1Time":49.29433400000005,"part2ExampleResult":830,"part2ExampleTime":0.31816700000001674,"part2Result":502,"part2Time":0.13579199999992397},"18":{"part1ExampleResult":38,"part1ExampleTime":0.7582499999999754,"part1Result":1982,"part1Time":0.7639580000000024,"part2ExampleResult":"skip","part2ExampleTime":0,"part2Result":20005203,"part2Time":1620.947417},"19":{"part1ExampleResult":3,"part1ExampleTime":0.01775000000009186,"part1Result":1815603,"part1Time":0.02250000000003638,"part2ExampleResult":2,"part2ExampleTime":0.027749999999969077,"part2Result":1410630,"part2Time":0.002124999999978172},"20":{"part1ExampleResult":3,"part1ExampleTime":0.09579199999996035,"part1Result":31053880,"part1Time":173.82666699999993,"part2ExampleResult":"skip","part2ExampleTime":0,"part2Result":117,"part2Time":0.07270900000003166},"21":{"part1ExampleResult":"decab","part1ExampleTime":0.36000000000001364,"part1Result":"ghfacdbe","part1Time":0.20754199999998946,"part2ExampleResult":"skip","part2ExampleTime":0,"part2Result":"fhgcdaeb","part2Time":0.3543329999999969},"22":{"part1ExampleResult":"skip","part1ExampleTime":0,"part1Result":903,"part1Time":9.364625000000046,"part2ExampleResult":"skip","part2ExampleTime":0,"part2Result":215,"part2Time":7.818833999999924},"23":{"part1ExampleResult":3,"part1ExampleTime":0.06183299999997871,"part1Result":12330,"part1Time":6.938332999999943,"part2ExampleResult":"skip","part2ExampleTime":0,"part2Result":479008890,"part2Time":97429.446},"24":{"part1ExampleResult":14,"part1ExampleTime":1.4902920000000677,"part1Result":430,"part1Time":13171.951000000001,"part2ExampleResult":"skip","part2ExampleTime":0,"part2Result":700,"part2Time":0.778915999999299},"25":{"part1ExampleResult":"skip","part1ExampleTime":0,"part1Result":198,"part1Time":1496.3125000000002,"part2ExampleResult":"skip","part2ExampleTime":0,"part2Result":"Happy Xmas!","part2Time":0.03749999999990905}}