{"1":{"part1ExampleResult":12,"part1ExampleTime":0.02987499999994725,"part1Result":231,"part1Time":0.11116699999990942,"part2ExampleResult":4,"part2ExampleTime":0.08966699999996308,"part2Result":147,"part2Time":0.29291699999998855}}