{"1":{"part1ExampleResult":12,"part1ExampleTime":0.02987499999994725,"part1Result":231,"part1Time":0.11116699999990942,"part2ExampleResult":4,"part2ExampleTime":0.08966699999996308,"part2Result":147,"part2Time":0.29291699999998855},"2":{"part1ExampleResult":"1985","part1ExampleTime":0.07091699999995171,"part1Result":"78985","part1Time":0.1224170000000413,"part2ExampleResult":"5DB3","part2ExampleTime":0.05933299999992414,"part2Result":"57DD8","part2Time":0.14395899999999529},"3":{"part1ExampleResult":1,"part1ExampleTime":0.037916999999993095,"part1Result":1032,"part1Time":2.2772919999999885,"part2ExampleResult":0,"part2ExampleTime":0.07562499999994543,"part2Result":1838,"part2Time":1.1370829999999614}}