{"11":{"part1ExampleResult":37,"part1ExampleTime":0.9747920000000931,"part1Result":2243,"part1Time":91.26037500000007,"part2ExampleResult":26,"part2ExampleTime":0.9479999999999791,"part2Result":2027,"part2Time":88.38583400000005},"12":{"part1ExampleResult":25,"part1ExampleTime":0.059499999999957254,"part1Result":1565,"part1Time":0.32120899999995345,"part2ExampleResult":286,"part2ExampleTime":0.0418329999999969,"part2Result":78883,"part2Time":0.25699999999994816},"13":{"part1ExampleResult":295,"part1ExampleTime":0.07320800000002237,"part1Result":4722,"part1Time":1.359958000000006,"part2ExampleResult":1068781,"part2ExampleTime":0.12362499999994725,"part2Result":825305207525452,"part2Time":0.28879200000005767}}