{"23":{"part1ExampleResult":110,"part1ExampleTime":1.4713329999999587,"part1Result":3925,"part1Time":21.731042000000002,"part2ExampleResult":20,"part2ExampleTime":0.6131659999999783,"part2Result":903,"part2Time":1546.6332089999999},"24":{"part1ExampleResult":18,"part1ExampleTime":0.7042500000000018,"part1Result":260,"part1Time":198.79733299999998,"part2ExampleResult":54,"part2ExampleTime":0.5592080000000124,"part2Result":747,"part2Time":558.4517079999999}}