{"23":{"part1ExampleResult":110,"part1ExampleTime":1.4713329999999587,"part1Result":3925,"part1Time":21.731042000000002,"part2ExampleResult":20,"part2ExampleTime":0.6131659999999783,"part2Result":903,"part2Time":1546.6332089999999}}