{"16":{"part1ExampleResult":1651,"part1ExampleTime":1.7809159999999338,"part1Result":2124,"part1Time":11.563709000000017,"part2ExampleResult":"skip","part2ExampleTime":0,"part2Result":2775,"part2Time":540.2343339999999},"19":{"part1ExampleResult":33,"part1ExampleTime":19.791499999999928,"part1Result":1413,"part1Time":24.998709000000076,"part2ExampleResult":"skip","part2ExampleTime":0,"part2Result":21080,"part2Time":740.9351250000001},"23":{"part1ExampleResult":110,"part1ExampleTime":1.4713329999999587,"part1Result":3925,"part1Time":21.731042000000002,"part2ExampleResult":20,"part2ExampleTime":0.6131659999999783,"part2Result":903,"part2Time":1546.6332089999999},"24":{"part1ExampleResult":18,"part1ExampleTime":0.7042500000000018,"part1Result":260,"part1Time":198.79733299999998,"part2ExampleResult":54,"part2ExampleTime":0.5592080000000124,"part2Result":747,"part2Time":558.4517079999999},"25":{"part1ExampleResult":"2=-1=0","part1ExampleTime":0.08266700000001492,"part1Result":"2----0=--1122=0=0021","part1Time":0.15220799999997325,"part2ExampleResult":"skip","part2ExampleTime":0,"part2Result":"Happy Xmas!","part2Time":0.008416000000011081}}