{"15":{"part1ExampleResult":40,"part1ExampleTime":0.5112080000000105,"part1Result":755,"part1Time":6.893332999999984,"part2ExampleResult":315,"part2ExampleTime":2.1355419999999867,"part2Result":3016,"part2Time":87.47391599999992}}